loss,accuracy
1.9907796438434937,39.733333333333334
1.6841739419913735,63.239999999999995
1.4199415376802138,71.25333333333333
1.212599613619603,75.20833333333333
1.0571348433331555,77.83833333333334
0.9416395482037015,79.70833333333334
0.8546338305205177,81.17333333333333
0.7874171772274072,82.26666666666667
0.734121054277114,83.09166666666667
0.6909019293424246,83.81333333333333
