loss,accuracy
0.4248850392710511,88.52
0.33681406917501083,90.62166666666667
0.3000374592554645,91.625
0.27191813153056293,92.39833333333334
0.2528827614786557,92.88833333333332
0.236228199947382,93.42
0.22412385935433096,93.76666666666667
0.21277993944991475,94.04333333333334
0.20100598946366643,94.44500000000001
0.1921131819134497,94.64833333333334
