loss,accuracy
1.3528653420396262,68.82666666666667
0.9067518350829077,79.13666666666667
0.7153704230673621,82.99333333333333
0.6127510035418311,84.86666666666667
0.5490676369220691,86.21166666666666
0.5054059819753841,87.005
0.47345601876076215,87.66333333333334
0.4490754389898706,88.17833333333334
0.4295667057590594,88.605
0.4134080928705557,88.94833333333332
