loss,accuracy
0.6507281925111503,84.55666666666667
0.47649887172481825,87.29833333333333
0.41268516505898495,88.72666666666666
0.3771634763190145,89.61333333333333
0.3545600094008906,90.09333333333333
0.3371250054863363,90.55166666666666
0.3234729915456932,90.905
0.31236689889571767,91.28500000000001
0.3028006261078755,91.53999999999999
0.2940404150185859,91.80166666666668
