loss,accuracy
1.9327290356463995,47.215
1.6287056863125848,61.858333333333334
1.3915851770399836,67.685
1.2084889110268306,71.25333333333333
1.0673806370001921,74.675
0.9584945686878736,77.38333333333334
0.8735622492002398,79.47333333333333
0.8062273732422499,81.13666666666667
0.7518959114385364,82.28166666666667
0.7073304413865561,83.17666666666666
