loss,accuracy
1.390401796957406,70.16166666666666
0.9214834975762812,79.435
0.7209100970200353,82.94666666666667
0.6156919271121908,84.84833333333334
0.5505714799968625,86.02833333333334
0.5062618323776051,86.935
0.47370730735368094,87.58500000000001
0.4488797955203345,88.15666666666667
0.42866069636381204,88.515
0.4123824174475068,88.90833333333333
