loss,accuracy
0.42334360765010354,88.77000000000001
0.34193757248863044,90.55499999999999
0.3058298163741294,91.41166666666666
0.28376232343470625,92.015
0.26480636954895764,92.53333333333333
0.24947869955624283,93.015
0.23745834361926516,93.27833333333334
0.2243440695608436,93.62666666666667
0.2135834739930112,94.00666666666667
0.2034267205707266,94.31
