loss,accuracy
0.2884649489943741,91.83833333333334
0.23165902382475892,93.20833333333334
0.18999485362930482,94.61500000000001
0.16695816436701635,95.35666666666667
0.14856929024459198,95.77833333333334
0.13528600049349276,96.22166666666668
0.12346183149551476,96.50666666666666
0.11497274050365457,96.81333333333333
0.10424755743258038,97.06833333333333
0.09682417389844573,97.24666666666667
