loss,accuracy
1.9853954053292264,39.050000000000004
1.6778049103122559,59.830000000000005
1.4132272755778263,68.62833333333333
1.2069932165222699,73.54166666666667
1.054698883310857,76.705
0.9416115590287379,78.77166666666666
0.8558926919239115,80.425
0.7893464535980759,81.65333333333334
0.7362847842093403,82.62333333333333
0.693157718223523,83.38833333333334
