loss,accuracy
0.4110365194500618,88.95833333333333
0.332360233276712,90.735
0.29676695143941034,91.595
0.2735630086738757,92.20166666666667
0.253468434172367,92.83500000000001
0.23755426673727198,93.26333333333334
0.22498746839390332,93.635
0.2135920768554772,94.0
0.20409492801845402,94.29666666666667
0.19445135408747374,94.61
