loss,accuracy
0.5417277712122882,86.12833333333333
0.40998623253384886,88.775
0.3614203434737305,89.83333333333333
0.3353339118574587,90.41166666666666
0.31678401001239886,90.98666666666666
0.3025227358100282,91.41333333333334
0.2909743872117183,91.74
0.27963973961155997,92.07
0.2710986994575683,92.37166666666667
0.2638465140106094,92.545
