loss,accuracy
2.147036149769202,30.365
1.9524284043466145,47.86666666666667
1.7689959358165215,58.98833333333333
1.597446178550798,65.49000000000001
1.4449235062694856,69.67166666666667
1.3144500696344694,72.625
1.204789721836712,74.86500000000001
1.1129358030166636,76.68333333333334
1.0358022199956103,78.105
0.9706114064983098,79.38833333333334
