loss,accuracy
0.5372851718758623,86.42833333333333
0.40934987656965727,89.01833333333333
0.36199125485732353,90.05666666666666
0.336954005205686,90.39833333333334
0.3154983125983757,91.11666666666667
0.3023111567079126,91.49833333333333
0.2905942543502112,91.76666666666667
0.278530612921706,92.11333333333333
0.2682468742355153,92.50333333333333
0.2599620176726579,92.75
