loss,accuracy
1.790437514547583,51.85166666666666
1.3792318935321106,69.00333333333334
1.1014193540532788,76.205
0.9251733247998101,79.24833333333333
0.8095096212118001,81.30833333333334
0.7289513596936893,82.75166666666667
0.6696983929475057,83.895
0.624354861470226,84.67833333333333
0.5883945614138696,85.37
0.5592549214100543,85.905
