loss,accuracy
0.3562117394783507,90.04833333333333
0.3030507288303469,91.11
0.2636394040659978,92.40333333333334
0.24183945056130915,93.175
0.21963305268179165,93.87
0.1990069160075871,94.435
0.18787438589956437,94.66833333333334
0.17415172858101455,95.08166666666666
0.16720459131851462,95.24666666666667
0.15194205088594245,95.73833333333333
