loss,accuracy
1.0397504774338233,77.25833333333333
0.6754864706275551,83.865
0.5470570932277425,86.085
0.48127047306572535,87.385
0.44063671575633495,88.19500000000001
0.41254339331412704,88.78166666666667
0.39175660709580395,89.19833333333334
0.37560257102379,89.58833333333334
0.3624155959805497,89.92666666666666
0.35085193920765,90.20666666666666
