loss,accuracy
1.8999157926617565,46.43833333333333
1.4665433565368555,66.70833333333334
1.1571216007962362,74.72999999999999
0.9554551863922206,78.72333333333333
0.8245816180982045,81.125
0.7357028574433974,82.66666666666667
0.6720336987526362,83.905
0.6242931148156294,84.73166666666667
0.5870094139347528,85.44833333333334
0.5570823285870863,86.11
