loss,accuracy
1.0809060977312077,78.14166666666667
0.6904960489505014,84.455
0.5558252591045494,86.41
0.4882144560984984,87.55833333333334
0.4470459885222277,88.25166666666667
0.4192985617766868,88.81333333333333
0.39860723486359306,89.185
0.38214625967296595,89.545
0.3689296081673487,89.84
0.35804261181564834,90.11
