loss,accuracy
0.19116650399972046,94.51166666666667
0.12262226079410785,96.53500000000001
0.09774470475454992,97.185
0.08244122212036818,97.66666666666667
0.07565574460000384,97.675
0.058784394845488655,98.35333333333334
0.05395880245230923,98.425
0.04841147156282124,98.53833333333334
0.040002806817590345,98.89166666666667
0.038124575558158944,98.92999999999999
