loss,accuracy
0.38105470957606374,89.26166666666666
0.3112205788418552,91.24166666666666
0.27614573827695965,92.26333333333334
0.2540311471168688,92.81
0.2355876695325338,93.33666666666667
0.21833869423902397,93.87333333333333
0.20440902123482307,94.24
0.1918281233950515,94.63000000000001
0.18052199823665468,94.99166666666666
0.1712552186174078,95.23833333333333
