loss,accuracy
0.37927118845057367,89.55333333333333
0.3100910113434717,91.15333333333334
0.2740382996876897,92.30166666666668
0.2470532840193754,93.04666666666667
0.2315452022086318,93.435
0.21277901086372733,94.03833333333334
0.1992459555758795,94.485
0.18897879192678713,94.705
0.17683575327040424,95.14666666666668
0.166937222845006,95.42666666666668
