loss,accuracy
0.6144658927226837,85.165
0.4516010888196517,88.03333333333333
0.392631028172451,89.23666666666666
0.35863176139973413,89.99666666666667
0.3361172716550927,90.595
0.31956289453516934,90.98166666666667
0.30564972620594805,91.36999999999999
0.2939285928926656,91.675
0.2833226140278685,91.98333333333333
0.274675078272927,92.18833333333333
