loss,accuracy
0.6143486628967622,85.16166666666666
0.451278703846383,87.91499999999999
0.3915404462407626,89.20166666666667
0.3592277381516136,90.07833333333333
0.33649021850091765,90.515
0.31941371822007153,91.00333333333333
0.30656443043753323,91.31166666666667
0.2947192815074022,91.67833333333333
0.28419825911175456,91.985
0.27495432632237315,92.29
