loss,accuracy
0.2796836475412684,91.92166666666667
0.2200832795518996,93.67666666666666
0.18392446706573362,94.80499999999999
0.16020309211977365,95.46166666666667
0.13988741674876187,96.09333333333333
0.12689355212719994,96.475
0.11360771034923792,96.83166666666668
0.10270612849605022,97.16166666666666
0.09756751635949386,97.32333333333332
0.08911294759311687,97.51166666666666
