loss,accuracy
1.1803682068092962,76.10666666666667
0.7590304276347306,83.31833333333334
0.6008749906268231,85.665
0.5213009290635626,86.92333333333333
0.4734441312630672,87.68833333333333
0.441010244765184,88.39666666666666
0.4172665346208276,88.88166666666667
0.39918736432896823,89.17500000000001
0.3845040784453535,89.48166666666667
0.3726068293342962,89.73166666666667
