loss,accuracy
0.643696227267664,83.94833333333334
0.4647361114245791,87.59166666666667
0.4004732310034654,88.97
0.36437754209732887,89.97666666666667
0.3404393347106663,90.46333333333332
0.32238272017500497,90.89166666666667
0.3085476790690329,91.24166666666666
0.29594546706443764,91.59
0.28547377909612687,91.93
0.27626212457095184,92.21833333333333
