loss,accuracy
0.6197890100585144,85.45333333333333
0.4446253764042125,88.48833333333333
0.38363910070546964,89.63833333333334
0.3510373587683338,90.27
0.3274157372742746,90.875
0.3106574075127862,91.265
0.29731208141087634,91.63333333333334
0.285663077844471,91.985
0.27483481245156055,92.23333333333333
0.2658017017725535,92.52666666666667
