loss,accuracy
0.2727821066811189,92.38333333333333
0.21961786557083893,93.62166666666667
0.17519723591702158,95.015
0.15096669684579433,95.72500000000001
0.13571244375653924,96.19666666666666
0.11798419430383095,96.68166666666667
0.10759541975643187,96.96833333333333
0.09740860904541447,97.31
0.08834935013129801,97.54333333333334
0.08504057433519671,97.67166666666667
