loss,accuracy
1.5484388659556994,65.94166666666666
1.0785570683980383,76.49166666666667
0.8372026837784539,80.71166666666667
0.7055434676249474,82.96333333333334
0.6240477262981111,84.50333333333333
0.5686305325113761,85.71833333333333
0.5279622870734673,86.5
0.49708382851556576,87.21333333333334
0.47257099916650447,87.67666666666668
0.4526535450006115,88.1
