loss,accuracy
2.0557943105553567,33.785
1.8148721419744005,51.321666666666665
1.600430520067088,61.49333333333333
1.4149613133892824,67.98166666666667
1.2597635278112809,71.78999999999999
1.1330373840942773,74.45166666666667
1.0307779683885987,76.71333333333334
0.9482846055011418,78.39500000000001
0.8808735038074017,79.97166666666666
0.8252904667178237,81.05833333333334
