loss,accuracy
0.8410429866032493,80.72666666666667
0.5687503894638763,85.61999999999999
0.4724835593136039,87.41333333333333
0.4217238467525744,88.655
0.3908884935584808,89.27000000000001
0.36761276968387113,89.82166666666667
0.35055454178829537,90.335
0.33717940400174606,90.57833333333333
0.3253662932187201,90.92666666666666
0.3145741228691333,91.17166666666667
