loss,accuracy
1.5924964410567952,63.76666666666667
1.0945967951475464,77.4
0.8376066515647433,81.57833333333333
0.7004248967608333,83.58833333333334
0.6171338333638269,85.01166666666666
0.5611633297669286,85.92666666666666
0.5211555049372272,86.63666666666666
0.49061977827889924,87.29166666666667
0.4665154579035589,87.81166666666667
0.4471970461093725,88.19500000000001
