loss,accuracy
1.5299719294912228,63.84833333333333
1.0417607953614743,76.35499999999999
0.804988323108493,81.35166666666666
0.6777833314009706,83.65166666666667
0.6003888727792608,85.18
0.5488154927546443,86.2
0.5113000239840243,86.85833333333333
0.48306979371946485,87.37
0.4608747516547826,87.70333333333333
0.44295785587285075,88.03999999999999
