loss,accuracy
0.804380668153395,82.08
0.5552773782217506,85.9
0.46532828649980224,87.76333333333334
0.41776526858351004,88.74333333333333
0.3884355561383977,89.30166666666666
0.3667610784739307,89.81666666666666
0.3495212882059434,90.35
0.33557188132631055,90.71000000000001
0.32504433935520827,90.95
0.3143672299996159,91.23666666666666
