loss,accuracy
2.0484115846534077,35.12166666666667
1.7987054526621336,55.166666666666664
1.5763095320716165,64.54333333333334
1.386810577775432,70.08666666666666
1.2314666978229638,73.83666666666666
1.10650228547799,76.32333333333334
1.0065142508221148,78.34833333333333
0.9261120602664321,79.75333333333333
0.8605541044868547,80.99
0.8064730350992622,81.95166666666667
