loss,accuracy
0.4472562178677664,88.13333333333333
0.35993396968611163,90.05166666666666
0.3205334367483608,90.95333333333333
0.29474014136156707,91.755
0.2707366453158245,92.25999999999999
0.2590029794952578,92.72333333333333
0.24482617691745026,93.06333333333333
0.23047510372866953,93.49
0.21979778323105448,93.76833333333333
0.214140531884672,93.915
