loss,accuracy
1.5745670549894633,62.406666666666666
1.121046145231572,75.12666666666667
0.874665683750264,80.31
0.7314191096184768,82.99833333333333
0.6409418773736579,84.755
0.579661947533674,85.90833333333333
0.5356204924076126,86.675
0.5022462385607221,87.22166666666666
0.47651275190327713,87.72333333333333
0.45542930615043237,88.05833333333334
