loss,accuracy
0.33969906966619684,90.425
0.27513259533264295,92.16166666666666
0.24031032057496923,93.22333333333333
0.21644329857993494,93.795
0.19466115406750217,94.46
0.1784683315257056,94.86333333333333
0.16529970735023775,95.29666666666667
0.15463040868553,95.595
0.14418314487422218,95.89166666666667
0.13593342628875443,96.14833333333334
