loss,accuracy
0.48519032023339376,87.285
0.378853672885442,89.53666666666666
0.33778191765042515,90.49000000000001
0.3123236983995984,91.19833333333334
0.2933292328140489,91.65833333333333
0.27775584067202896,92.14833333333333
0.2672533531201198,92.46166666666666
0.25465959192428483,92.83333333333333
0.24500970625045895,93.09166666666667
0.23662101332183902,93.43
