loss,accuracy
0.23650900312719442,93.18333333333332
0.18829657686369672,94.65666666666667
0.14139814371695514,95.92666666666668
0.11880961854170018,96.61
0.10895948416641377,96.89666666666666
0.09034326210091777,97.46833333333333
0.08031530926300672,97.78333333333333
0.07628967324572103,97.89833333333333
0.06590546977093564,98.16333333333334
0.058049746560286546,98.425
