loss,accuracy
0.9232321445735459,79.78
0.6216948161561272,84.73833333333334
0.5143390370584794,86.74333333333333
0.4583565098639374,87.77333333333334
0.4223545617342837,88.59
0.397263938154033,89.08
0.378368995268775,89.53333333333333
0.3634252999396877,89.96833333333333
0.35089854446405994,90.30333333333334
0.3408640098488208,90.54166666666667
