loss,accuracy
0.9776357789737745,77.96833333333333
0.6301917792344236,84.655
0.5126698057446523,86.93333333333332
0.45339781936608087,88.065
0.4170617196485531,88.81
0.3923181093466159,89.33333333333333
0.3738561552780264,89.72
0.3593467369819547,90.01166666666667
0.3477473477768588,90.28333333333333
0.33739357975554013,90.61166666666666
