loss,accuracy
0.24984086966103616,92.82000000000001
0.17320262048374951,94.975
0.13709553560274543,96.07833333333333
0.12485558138348735,96.34333333333333
0.09928756806264066,97.26
0.0918879897404102,97.39166666666667
0.08277969412929828,97.64500000000001
0.07342612479261212,97.97166666666666
0.06781491537345109,98.07333333333334
0.06318148401331436,98.22333333333333
