loss,accuracy
1.6572225582269384,62.55833333333334
1.178608067958381,75.38666666666667
0.9112330858132566,80.50666666666667
0.7598889839128363,82.95666666666666
0.6665888290758172,84.38833333333334
0.6036514921205334,85.345
0.5583922464957953,86.16
0.5241689131859143,86.75500000000001
0.49719943302284975,87.22833333333332
0.4754637918785428,87.63166666666666
