loss,accuracy
0.48368285691517604,87.22833333333332
0.37834509616733825,89.385
0.3362861904665898,90.52333333333334
0.31026319023887544,91.17
0.29057203782283725,91.72666666666667
0.2753339586581411,92.215
0.2628544747538772,92.50500000000001
0.2509758254055783,92.93166666666667
0.24171940640664882,93.155
0.23273537663424407,93.49666666666666
