loss,accuracy
0.4716177440733621,87.80166666666666
0.37131163514445964,89.82333333333334
0.3306679194596628,90.865
0.30669575434727536,91.33666666666667
0.2868179735948586,91.975
0.27340884592525627,92.40666666666667
0.26017098736824795,92.71666666666667
0.2484152475450354,93.00166666666667
0.2387868261835344,93.28833333333333
0.22948160298997092,93.57166666666666
