loss,accuracy
0.4863274460120105,87.08
0.37572981579819303,89.58666666666667
0.3322198216567603,90.60833333333333
0.3060944174736554,91.375
0.2869877418760266,91.90333333333334
0.27235641757902096,92.22666666666667
0.2585692274850423,92.70333333333333
0.24645132341934822,93.07666666666667
0.23656455700917778,93.38833333333334
0.22697883305118718,93.58333333333333
