loss,accuracy
0.25809306027352275,92.45666666666666
0.20459708594104542,93.99666666666666
0.14393949124208938,95.865
0.1217051490207908,96.545
0.10622460962531424,97.00333333333333
0.0937973307625615,97.37
0.08331005766961129,97.57833333333333
0.07571658099891504,97.85000000000001
0.07133837409248533,97.965
0.0651281014687213,98.14500000000001
