loss,accuracy
1.7116815344557346,56.00166666666667
1.2426093639887739,72.14666666666668
0.9699907048101033,78.05166666666666
0.8098667750519281,80.925
0.7078111826752802,82.88499999999999
0.6378593795219633,84.17666666666666
0.5871369323233956,85.09166666666667
0.5487480400786102,85.91
0.5184050898135985,86.56
0.4939654211763875,87.01166666666667
