loss,accuracy
0.49984499374290375,86.80166666666666
0.3862614173162496,89.33333333333333
0.34440774204300517,90.35333333333332
0.3188796197856394,90.9
0.3009005771221242,91.44833333333334
0.28699827202800055,91.81333333333333
0.2735123857676657,92.29833333333333
0.26269019584470593,92.595
0.25272411108118187,92.94166666666666
0.24297629053101535,93.20333333333333
