loss,accuracy
1.9970072507858276,0.3937833309173584
1.3351701498031616,0.7144333124160767
0.9378001093864441,0.7988333106040955
0.7411495447158813,0.8316500186920166
0.6321429014205933,0.8494499921798706
0.5635625720024109,0.8612499833106995
0.5165055394172668,0.8696500062942505
0.482128769159317,0.8759666681289673
0.4558206796646118,0.8810333609580994
0.4349336326122284,0.885533332824707
