loss,accuracy
2.2172739505767822,0.21018333733081818
1.9115127325057983,0.4893333315849304
1.6491336822509766,0.6383000016212463
1.4210354089736938,0.7121999859809875
1.2352162599563599,0.7488999962806702
1.0902305841445923,0.7718333601951599
0.9779087901115417,0.7882166504859924
0.890108585357666,0.8010833263397217
0.8204069137573242,0.8119333386421204
0.764151930809021,0.8212666511535645
