loss,accuracy
2.246351718902588,0.17135000228881836
2.0887186527252197,0.289249986410141
1.9503531455993652,0.4162333309650421
1.8135403394699097,0.5410166382789612
1.679221510887146,0.631766676902771
1.5522254705429077,0.6836000084877014
1.435589075088501,0.7137166857719421
1.3304444551467896,0.7337666749954224
1.236804723739624,0.7489833235740662
1.154233455657959,0.7603999972343445
