loss,accuracy
1.9961453676223755,0.3779333233833313
1.3864715099334717,0.6851166486740112
1.0077866315841675,0.7785999774932861
0.7997221946716309,0.8180500268936157
0.6799813508987427,0.8385666608810425
0.6042362451553345,0.852066695690155
0.5523239374160767,0.8616666793823242
0.5145065188407898,0.8688666820526123
0.4856468737125397,0.8737333416938782
0.4628053903579712,0.8777333498001099
