loss,accuracy
2.2663371562957764,0.17098332941532135
1.9871892929077148,0.39381667971611023
1.7610498666763306,0.5341500043869019
1.557396411895752,0.6358166933059692
1.3804384469985962,0.6993333101272583
1.232431173324585,0.7384499907493591
1.1115227937698364,0.7662166953086853
1.0136401653289795,0.7849833369255066
0.934228241443634,0.7982500195503235
0.8692153096199036,0.809066653251648
