loss,accuracy
2.233276128768921,0.1982833296060562
1.963778018951416,0.43338334560394287
1.7399673461914062,0.5734333395957947
1.5414338111877441,0.6549000144004822
1.3707852363586426,0.7050166726112366
1.22733736038208,0.7408999800682068
1.1084290742874146,0.7684833407402039
1.010887861251831,0.7890833616256714
0.9309272170066833,0.8045333623886108
0.8651201128959656,0.8166166543960571
