loss,accuracy
2.135622024536133,0.25601667165756226
1.8739416599273682,0.4585833251476288
1.6419724225997925,0.5786499977111816
1.4421374797821045,0.666533350944519
1.2776376008987427,0.7232166528701782
1.1459147930145264,0.7562166452407837
1.0410501956939697,0.7783166766166687
0.9570447206497192,0.7940666675567627
0.888891875743866,0.8053333163261414
0.8328431248664856,0.8144166469573975
